id,name,model_id:id,group_id:id,perm_read,perm_write,perm_create,perm_unlink
access_is_chemical_regulatory_rule_user,is.chemical.regulatory.rule.user,model_is_chemical_regulatory_rule,group_chemical_compliance_user,1,0,0,0
access_is_chemical_regulatory_rule_mgr,is.chemical.regulatory.rule.mgr,model_is_chemical_regulatory_rule,group_chemical_compliance_manager,1,1,1,1
access_is_chemical_regulatory_rule_auditor,is.chemical.regulatory.rule.auditor,model_is_chemical_regulatory_rule,group_chemical_compliance_auditor,1,0,0,0
access_is_chemical_purpose_of_use_user,is.chemical.purpose.of.use.user,model_is_chemical_purpose_of_use,group_chemical_compliance_user,1,1,1,0
access_is_chemical_purpose_of_use_mgr,is.chemical.purpose.of.use.mgr,model_is_chemical_purpose_of_use,group_chemical_compliance_manager,1,1,1,1
access_is_chemical_purpose_of_use_auditor,is.chemical.purpose.of.use.auditor,model_is_chemical_purpose_of_use,group_chemical_compliance_auditor,1,0,0,0
access_is_chemical_material_mapping_user,is.chemical.material.mapping.user,model_is_chemical_material_mapping,group_chemical_compliance_user,1,1,1,0
access_is_chemical_material_mapping_mgr,is.chemical.material.mapping.mgr,model_is_chemical_material_mapping,group_chemical_compliance_manager,1,1,1,1
access_is_chemical_material_mapping_auditor,is.chemical.material.mapping.auditor,model_is_chemical_material_mapping,group_chemical_compliance_auditor,1,0,0,0
access_is_chemical_usage_tracking_user,is.chemical.usage.tracking.user,model_is_chemical_usage_tracking,group_chemical_compliance_user,1,1,1,0
access_is_chemical_usage_tracking_mgr,is.chemical.usage.tracking.mgr,model_is_chemical_usage_tracking,group_chemical_compliance_manager,1,1,1,1
access_is_chemical_usage_tracking_auditor,is.chemical.usage.tracking.auditor,model_is_chemical_usage_tracking,group_chemical_compliance_auditor,1,0,0,0
access_is_chemical_usage_tracking_line_user,is.chemical.usage.tracking.line.user,model_is_chemical_usage_tracking_line,group_chemical_compliance_user,1,1,1,0
access_is_chemical_usage_tracking_line_mgr,is.chemical.usage.tracking.line.mgr,model_is_chemical_usage_tracking_line,group_chemical_compliance_manager,1,1,1,1
access_is_chemical_compliance_exception_user,is.chemical.compliance.exception.user,model_is_chemical_compliance_exception,group_chemical_compliance_user,1,1,0,0
access_is_chemical_compliance_exception_mgr,is.chemical.compliance.exception.mgr,model_is_chemical_compliance_exception,group_chemical_compliance_manager,1,1,1,1
access_is_chemical_compliance_exception_auditor,is.chemical.compliance.exception.auditor,model_is_chemical_compliance_exception,group_chemical_compliance_auditor,1,0,0,0
access_is_chemical_compliance_dossier_user,is.chemical.compliance.dossier.user,model_is_chemical_compliance_dossier,group_chemical_compliance_user,1,1,1,0
access_is_chemical_compliance_dossier_mgr,is.chemical.compliance.dossier.mgr,model_is_chemical_compliance_dossier,group_chemical_compliance_manager,1,1,1,1
access_is_chemical_compliance_dossier_auditor,is.chemical.compliance.dossier.auditor,model_is_chemical_compliance_dossier,group_chemical_compliance_auditor,1,0,0,0
access_is_chemical_compliance_dossier_line_user,is.chemical.compliance.dossier.line.user,model_is_chemical_compliance_dossier_line,group_chemical_compliance_user,1,1,1,1
access_is_chemical_compliance_dossier_line_mgr,is.chemical.compliance.dossier.line.mgr,model_is_chemical_compliance_dossier_line,group_chemical_compliance_manager,1,1,1,1
access_is_chemical_permit_quota_user,is.chemical.permit.quota.user,model_is_chemical_permit_quota,group_chemical_compliance_user,1,1,0,0
access_is_chemical_permit_quota_mgr,is.chemical.permit.quota.mgr,model_is_chemical_permit_quota,group_chemical_compliance_manager,1,1,1,1
access_is_chemical_permit_quota_auditor,is.chemical.permit.quota.auditor,model_is_chemical_permit_quota,group_chemical_compliance_auditor,1,0,0,0
access_is_chemical_permit_quota_line_user,is.chemical.permit.quota.line.user,model_is_chemical_permit_quota_line,group_chemical_compliance_user,1,0,0,0
access_is_chemical_permit_quota_line_mgr,is.chemical.permit.quota.line.mgr,model_is_chemical_permit_quota_line,group_chemical_compliance_manager,1,0,0,0
access_is_chemical_obligation_simulator_user,is.chemical.obligation.simulator.user,model_is_chemical_obligation_simulator,group_chemical_compliance_user,1,1,1,1
access_is_chemical_obligation_simulator_mgr,is.chemical.obligation.simulator.mgr,model_is_chemical_obligation_simulator,group_chemical_compliance_manager,1,1,1,1
